{
  "1M rows": {
    "read_csv": 0.5795393320004223,
    "filter": 0.042121356000279775,
    "groupby": 0.039880466999420605,
    "sort": 0.177766497000448,
    "rolling_mean": 0.01196077399981732,
    "multi_groupby": 0.06209645899980387,
    "TOTAL": 0.9133648850001919
  },
  "10M rows": {
    "read_csv": 5.751544321000438,
    "filter": 0.31536044999938895,
    "groupby": 0.31470372199964913,
    "sort": 3.3442953630001284,
    "rolling_mean": 0.12952737100022205,
    "multi_groupby": 0.6065799900006823,
    "TOTAL": 10.462011217000509
  }
}