{
  "1M rows": {
    "read_csv": 0.13957468999979028,
    "filter": 0.014484643000287178,
    "groupby": 0.03089658099997905,
    "sort": 0.02708808300030796,
    "rolling_mean": 0.06580384300013975,
    "multi_groupby": 0.004833730999962427,
    "TOTAL": 0.28268157100046665
  },
  "10M rows": {
    "read_csv": 0.2554533550000997,
    "filter": 0.020447219999368826,
    "groupby": 0.014915173000190407,
    "sort": 0.09997786899930361,
    "rolling_mean": 0.017539673000101175,
    "multi_groupby": 0.0249405040003694,
    "TOTAL": 0.4332737939994331
  }
}